name,pos,team,bye,adp,av,sos,pos_rank
Jahmyr Gibbs,RB,DET,6,1,65,328,RB1
Bijan Robinson,RB,ATL,11,2,63,331,RB2
Ja’Marr Chase,WR,CIN,6,3,59,251,WR1
Puka Nacua,WR,LAR,11,4,54,310,WR2
Christian McCaffrey,RB,SF,8,5,52,366,RB3
Jaxon Smith-Njigba,WR,SEA,11,6,51,300,WR3
Amon-Ra St. Brown,WR,DET,6,7,50,265,WR4
Jonathan Taylor,RB,IND,13,8,49,339,RB4
Saquon Barkley,RB,PHI,10,9,47,213,RB5
James Cook III,RB,BUF,7,10,46,,RB6
Ashton Jeanty,RB,LV,13,11,44,217,RB7
Justin Jefferson,WR,MIN,6,12,43,160,WR5
CeeDee Lamb,WR,DAL,14,13,42,163,WR6
Derrick Henry,RB,BAL,13,14,41,272,RB8
Omarion Hampton,RB,LAC,7,15,39,120,RB9
A.J. Brown,WR,NE,11,16,38,181,WR7
Kenneth Walker III,RB,KC,5,17,37,176,RB10
Chase Brown,RB,CIN,6,18,36,248,RB11
Nico Collins,WR,HOU,8,19,36,190,WR8
Brock Bowers,TE,LV,13,20,35,144,TE1
De’Von Achane,RB,MIA,6,21,34,289,RB12
Drake London,WR,ATL,11,22,34,168,WR9
Rashee Rice,WR,KC,5,23,33,123,WR10
Trey McBride,TE,ARI,14,24,32,253,TE2
Josh Allen,QB,BUF,7,25,32,365,QB1
George Pickens,WR,DAL,14,26,31,245,WR11
Chris Olave,WR,NO,8,27,31,218,WR12
Emeka Egbuka,WR,TB,10,28,30,164,WR13
Tetairoa McMillan,WR,CAR,5,29,30,176,WR14
DeVonta Smith,WR,PHI,10,30,29,163,WR15
Jeremiyah Love,RB,ARI,14,31,29,,RB13
Josh Jacobs,RB,GB,11,32,28,219,RB14
Lamar Jackson,QB,BAL,13,33,27,215,QB2
Tee Higgins,WR,CIN,6,34,27,182,WR16
Drake Maye,QB,NE,11,35,26,351,QB3
Ladd McConkey,WR,LAC,7,36,25,148,WR17
Kyren Williams,RB,LAR,11,37,24,245,RB15
Javonte Williams,RB,DAL,14,38,23,225,RB16
Breece Hall,RB,NYJ,13,39,23,190,RB17
Jayden Daniels,QB,WAS,7,40,23,114,QB4
Malik Nabers,WR,NYG,8,41,22,48,WR18
Zay Flowers,WR,BAL,13,42,22,200,WR19
Colston Loveland,TE,CHI,10,43,21,136,TE3
Jaylen Waddle,WR,DEN,10,44,21,162,WR20
Davante Adams,WR,LAR,11,45,20,193,WR21
Travis Etienne Jr.,RB,NO,8,46,20,,RB18
Tyler Warren,TE,IND,13,47,19,151,TE4
Joe Burrow,QB,CIN,6,48,19,134,QB5
Terry McLaurin,WR,WAS,7,49,18,95,WR22
Cam Skattebo,RB,NYG,8,50,18,116,RB19
Jameson Williams,WR,DET,6,51,18,187,WR23
Justin Herbert,QB,LAC,7,52,17,287,QB6
Jalen Hurts,QB,PHI,10,53,17,299,QB7
Luther Burden III,WR,CHI,10,54,17,,WR24
Garrett Wilson,WR,NYJ,13,55,17,82,WR25
Mike Evans,WR,SF,8,56,16,70,WR26
Christian Watson,WR,GB,11,57,16,114,WR27
Rome Odunze,WR,CHI,10,58,15,124,WR28
TreVeyon Henderson,RB,NE,11,59,15,188,RB20
Quinshon Judkins,RB,CLE,11,60,15,157,RB21
Caleb Williams,QB,CHI,10,61,15,318,QB8
D’Andre Swift,RB,CHI,10,62,14,212,RB22
Bucky Irving,RB,TB,10,63,14,124,RB23
David Montgomery,RB,HOU,8,64,14,155,RB24
DJ Moore,WR,BUF,7,65,13,,WR29
Rhamondre Stevenson,RB,NE,11,66,13,163,RB25
Tucker Kraft,TE,GB,11,67,13,101,TE5
Trevor Lawrence,QB,JAX,7,68,13,338,QB9
Brian Thomas Jr.,WR,JAX,7,69,13,,WR30
Chuba Hubbard,RB,CAR,5,70,12,110,RB26
Tony Pollard,RB,TEN,9,71,12,169,RB27
Kyle Pitts,TE,ATL,11,72,12,,TE6
Jadarian Price,RB,SEA,11,73,11,,RB28
Marvin Harrison Jr.,WR,ARI,14,74,11,107,WR31
Dak Prescott,QB,DAL,14,75,11,314,QB10
Bo Nix,QB,DEN,10,76,11,305,QB11
Jaylen Warren,RB,PIT,9,77,10,197,RB29
Sam LaPorta,TE,DET,6,78,10,87,TE7
Brock Purdy,QB,SF,8,79,10,177,QB12
Carnell Tate,WR,TEN,9,80,10,,WR32
Harold Fannin Jr.,TE,CLE,11,81,9,,TE8
Bhayshul Tuten,RB,JAX,7,82,9,84,RB30
Jordyn Tyson,WR,NO,8,83,9,,WR33
DK Metcalf,WR,PIT,9,84,8,,WR34
Jaxson Dart,QB,NYG,8,85,8,242,QB13
Alec Pierce,WR,IND,13,86,7,159,WR35
Parker Washington,WR,JAX,7,87,7,156,WR36
Kyler Murray,QB,MIN,6,88,7,78,QB14
Michael Wilson,WR,ARI,14,89,7,182,WR37
Courtland Sutton,WR,DEN,10,90,7,183,WR38
Quentin Johnston,WR,LAC,7,91,6,145,WR39
RJ Harvey,RB,DEN,10,92,7,183,RB31
Patrick Mahomes,QB,KC,5,93,6,,QB15
Jayden Reed,WR,GB,11,94,6,39,WR40
Jordan Addison,WR,MIN,6,95,6,114,WR41
Rico Dowdle,RB,PIT,9,96,6,196,RB32
Matthew Stafford,QB,LAR,11,97,5,350,QB16
Josh Downs,WR,IND,13,98,5,107,WR42
Blake Corum,RB,LAR,11,99,5,118,RB33
J.K. Dobbins,RB,DEN,10,100,5,110,RB34
Travis Kelce,TE,KC,5,101,5,155,TE9
Michael Pittman Jr.,WR,PIT,9,102,5,162,WR43
Makai Lemon,WR,PHI,10,103,5,,WR44
Malik Willis,QB,MIA,6,104,5,51,QB17
Jake Ferguson,TE,DAL,,105,4,147,TE10
Dalton Kincaid,TE,BUF,7,106,4,106,TE11
Baker Mayfield,QB,TB,10,107,4,272,QB18
Wan’Dale Robinson,WR,TEN,9,108,4,172,WR45
Kenneth Gainwell,RB,TB,10,109,4,184,RB35
Rachaad White,RB,WAS,7,110,4,123,RB36
Jakobi Meyers,WR,JAX,7,111,4,138,WR46
Chris Godwin Jr.,WR,TB,10,112,4,,WR47
Kyle Monangai,RB,CHI,10,113,3,138,RB37
Jared Goff,QB,DET,6,114,3,297,QB19
Isaiah Likely,TE,NYG,8,115,3,48,TE12
Jordan Love,QB,GB,11,116,3,235,QB20
Dallas Goedert,TE,PHI,10,117,3,155,TE13
Mark Andrews,TE,BAL,13,118,3,107,TE14
Aaron Jones Sr.,RB,MIN,6,119,3,,RB38
George Kittle,TE,SF,8,120,3,133,TE15
Tyler Shough,QB,NO,8,121,3,158,QB21
Tyrone Tracy Jr.,RB,NYG,8,122,3,143,RB39
Matthew Golden,WR,GB,11,123,3,55,WR48
Jonathon Brooks,RB,CAR,5,124,3,,RB40
Jordan Mason,RB,MIN,6,125,3,122,RB41
Jacory Croskey-Merritt,RB,WAS,7,126,3,135,RB42
T.J. Hockenson,TE,MIN,6,127,3,87,TE16
Keaton Mitchell,RB,LAC,7,128,3,50,RB43
Khalil Shakir,WR,BUF,7,129,3,130,WR49
Romeo Doubs,WR,NE,11,130,3,137,WR50
Xavier Worthy,WR,KC,5,131,2,89,WR51
Jayden Higgins,WR,HOU,8,132,2,109,WR52
Tyler Allgeier,RB,ARI,14,133,2,116,RB44
Woody Marks,RB,HOU,8,134,2,139,RB45
Alvin Kamara,RB,NO,8,135,2,84,RB46
Chris Rodriguez Jr.,RB,JAX,7,136,2,,RB47
De’Zhaun Stribling,WR,SF,8,137,2,,WR53
Jalen Coker,WR,CAR,5,138,2,73,WR54
Dylan Sampson,RB,CLE,11,139,2,71,RB48
KC Concepcion,WR,CLE,11,140,2,,WR55
Juwan Johnson,TE,NO,8,141,2,141,TE17
Isiah Pacheco,RB,DET,6,142,2,77,RB49
Rashid Shaheed,WR,SEA,11,143,2,127,WR56
Deebo Samuel Sr.,WR,SF,8,144,2,,WR57
Chig Okonkwo,TE,WAS,7,145,2,96,TE18
Jalen Nailor,WR,LV,13,146,2,86,WR58
Jauan Jennings,WR,MIN,6,147,2,145,WR59
Jonah Coleman,RB,DEN,10,148,2,,RB50
C.J. Stroud,QB,HOU,8,149,2,209,QB22
Hunter Henry,TE,NE,11,150,2,149,TE19
Jalen McMillan,WR,TB,10,151,2,24,WR60
Sam Darnold,QB,SEA,11,152,2,235,QB23
Stefon Diggs,WR,,,153,1,,WR61
Travis Hunter,WR,JAX,7,154,1,50,WR62
Tyjae Spears,RB,TEN,9,155,1,89,RB51
Brian Robinson Jr.,RB,ATL,11,156,1,59,RB52
James Conner,RB,ARI,14,157,1,29,RB53
Tank Bigsby,RB,PHI,10,158,1,52,RB54
Daniel Jones,QB,IND,13,159,1,226,QB24
Zach Charbonnet,RB,SEA,11,160,1,171,RB55
AJ Barner,TE,SEA,11,161,1,121,TE20
Denzel Boston,WR,CLE,11,162,1,,WR63
Kayshon Boutte,WR,NE,11,163,1,107,WR64
Brenton Strange,TE,JAX,7,164,1,95,TE21
Braelon Allen,RB,NYJ,13,165,1,14,RB56
Oronde Gadsden II,TE,LAC,7,166,1,106,TE22
Omar Cooper Jr.,WR,NYJ,13,167,1,,WR65
Ray Davis,RB,BUF,7,168,1,,RB57
Antonio Williams,WR,WAS,7,169,1,,WR66
Adonai Mitchell,WR,NYJ,13,170,1,71,WR67
Bryce Young,QB,CAR,5,171,1,218,QB25
Cam Ward,QB,TEN,9,172,1,187,QB26
Kenyon Sadiq,TE,NYJ,13,173,1,,TE23
Mike Washington Jr.,RB,LV,13,174,1,,RB58
Tre Tucker,WR,LV,13,175,1,133,WR68
Greg Dulcich,TE,MIA,6,176,1,50,TE24
Kaytron Allen,RB,WAS,7,177,0,,RB59
Emmett Johnson,RB,KC,5,178,0,,RB60
Nicholas Singleton,RB,TEN,9,179,0,,RB61
Sean Tucker,RB,TB,10,180,0,87,RB62
Isaac TeSlaa,WR,DET,6,181,0,68,WR69
Malik Washington,WR,MIA,6,182,0,94,WR70
Emanuel Wilson,RB,SEA,11,183,0,87,RB63
Calvin Ridley,WR,TEN,9,184,0,38,WR71
Jaylin Noel,WR,HOU,8,185,0,55,WR72
Dalton Schultz,TE,HOU,8,186,0,137,TE25
Jerry Jeudy,WR,CLE,11,187,0,96,WR73
Terrance Ferguson,TE,LAR,11,188,0,46,TE26
Rashod Bateman,WR,BAL,13,189,0,45,WR74
Darnell Mooney,WR,NYG,8,190,0,66,WR75
Ryan Flournoy,WR,DAL,14,191,0,94,WR76
Tre Harris,WR,LAC,7,192,0,54,WR77
Geno Smith,QB,NYJ,13,193,0,174,QB27
Tank Dell,WR,HOU,8,194,0,,WR78
Aaron Rodgers,QB,PIT,9,195,0,226,QB28
Jacoby Brissett,QB,ARI,14,196,0,227,QB29
Zachariah Branch,WR,ATL,11,197,0,,WR79
Kimani Vidal,RB,LAC,7,198,0,110,RB64
Colby Parkinson,TE,LAR,11,199,0,108,TE27
Demond Claiborne,RB,MIN,6,200,0,,RB65
Seattle Seahawks,DST,SEA,11,201,0,,DEF1
Houston Texans,DST,HOU,8,202,0,,DEF2
Denver Broncos,DST,DEN,10,203,0,,DEF3
Los Angeles Rams,DST,LAR,11,204,0,,DEF4
Philadelphia Eagles,DST,PHI,10,205,0,,DEF5
Minnesota Vikings,DST,MIN,6,206,0,,DEF6
Jacksonville Jaguars,DST,JAX,7,207,0,,DEF7
New England Patriots,DST,NE,11,208,0,,DEF8
Baltimore Ravens,DST,BAL,13,209,0,,DEF9
Pittsburgh Steelers,DST,PIT,9,210,0,,DEF10
Los Angeles Chargers,DST,LAC,7,211,0,,DEF11
Cleveland Browns,DST,CLE,11,212,0,,DEF12
Brandon Aubrey,K,DAL,14,213,0,,K1
Ka’imi Fairbairn,K,HOU,8,214,0,,K2
Cameron Dicker,K,LAC,7,215,0,,K3
Jason Myers,K,SEA,11,216,0,,K4
Cam Little,K,JAX,7,217,0,,K5
Chris Boswell,K,PIT,9,218,0,,K6
Eddy Pineiro,K,SF,8,219,0,,K7
Harrison Butker,K,KC,5,220,0,,K8
Chase McLaughlin,K,TB,10,221,0,,K9
Evan McPherson,K,CIN,6,222,0,,K10
Harrison Mevis,K,LAR,11,223,0,,K11
Jake Bates,K,DET,6,224,0,,K12
