name,pos,tier,team,adp,proj_pts,vor,p_avail_r1,p_avail_r2,p_avail_r3,p_avail_r4,p_avail_r5,p_avail_r6,p_avail_r7,p_avail_r8,p_avail_r9,p_avail_r10,p_avail_r11,p_avail_r12,p_avail_r13,p_avail_r14,p_avail_r15,p_avail_r16
Jahmyr Gibbs,RB,1,DET,1.0,332.5,195.1,0.018,0.000,0.000,0.000,0.000,0.000,0.000,0.000,0.000,0.000,0.000,0.000,0.000,0.000,0.000,0.000
Bijan Robinson,RB,1,ATL,2.0,325.5,188.1,0.034,0.000,0.000,0.000,0.000,0.000,0.000,0.000,0.000,0.000,0.000,0.000,0.000,0.000,0.000,0.000
Ja’Marr Chase,WR,1,CIN,3.0,316.5,165.4,0.081,0.000,0.000,0.000,0.000,0.000,0.000,0.000,0.000,0.000,0.000,0.000,0.000,0.000,0.000,0.000
Christian McCaffrey,RB,2,SF,5.0,287.0,149.6,0.275,0.000,0.000,0.000,0.000,0.000,0.000,0.000,0.000,0.000,0.000,0.000,0.000,0.000,0.000,0.000
Puka Nacua,WR,2,LAR,4.0,299.0,147.9,0.156,0.000,0.000,0.000,0.000,0.000,0.000,0.000,0.000,0.000,0.000,0.000,0.000,0.000,0.000,0.000
Jonathan Taylor,RB,2,IND,8.0,276.5,139.1,0.725,0.000,0.000,0.000,0.000,0.000,0.000,0.000,0.000,0.000,0.000,0.000,0.000,0.000,0.000,0.000
Jaxon Smith-Njigba,WR,2,SEA,6.0,288.5,137.4,0.422,0.000,0.000,0.000,0.000,0.000,0.000,0.000,0.000,0.000,0.000,0.000,0.000,0.000,0.000,0.000
Amon-Ra St. Brown,WR,2,DET,7.0,285.0,133.9,0.589,0.001,0.000,0.000,0.000,0.000,0.000,0.000,0.000,0.000,0.000,0.000,0.000,0.000,0.000,0.000
Saquon Barkley,RB,2,PHI,9.0,269.5,132.1,0.849,0.002,0.000,0.000,0.000,0.000,0.000,0.000,0.000,0.000,0.000,0.000,0.000,0.000,0.000,0.000
James Cook III,RB,2,BUF,10.0,266.0,128.6,0.924,0.006,0.000,0.000,0.000,0.000,0.000,0.000,0.000,0.000,0.000,0.000,0.000,0.000,0.000,0.000
Ashton Jeanty,RB,2,LV,11.0,259.0,121.6,0.964,0.015,0.000,0.000,0.000,0.000,0.000,0.000,0.000,0.000,0.000,0.000,0.000,0.000,0.000,0.000
Brock Bowers,TE,1,LV,20.0,207.5,112.0,1.000,0.796,0.008,0.000,0.000,0.000,0.000,0.000,0.000,0.000,0.000,0.000,0.000,0.000,0.000,0.000
Derrick Henry,RB,3,BAL,14.0,248.5,111.1,0.994,0.153,0.000,0.000,0.000,0.000,0.000,0.000,0.000,0.000,0.000,0.000,0.000,0.000,0.000,0.000
Justin Jefferson,WR,3,MIN,12.0,260.5,109.4,0.986,0.028,0.000,0.000,0.000,0.000,0.000,0.000,0.000,0.000,0.000,0.000,0.000,0.000,0.000,0.000
CeeDee Lamb,WR,3,DAL,13.0,257.0,105.9,0.992,0.079,0.000,0.000,0.000,0.000,0.000,0.000,0.000,0.000,0.000,0.000,0.000,0.000,0.000,0.000
Omarion Hampton,RB,3,LAC,15.0,241.5,104.1,0.998,0.270,0.000,0.000,0.000,0.000,0.000,0.000,0.000,0.000,0.000,0.000,0.000,0.000,0.000,0.000
Trey McBride,TE,1,ARI,24.0,197.0,101.5,1.000,0.939,0.142,0.000,0.000,0.000,0.000,0.000,0.000,0.000,0.000,0.000,0.000,0.000,0.000,0.000
Kenneth Walker III,RB,3,KC,17.0,234.5,97.1,1.000,0.511,0.000,0.000,0.000,0.000,0.000,0.000,0.000,0.000,0.000,0.000,0.000,0.000,0.000,0.000
Chase Brown,RB,3,CIN,18.0,231.0,93.6,1.000,0.645,0.001,0.000,0.000,0.000,0.000,0.000,0.000,0.000,0.000,0.000,0.000,0.000,0.000,0.000
A.J. Brown,WR,4,NE,16.0,243.0,91.9,0.998,0.399,0.000,0.000,0.000,0.000,0.000,0.000,0.000,0.000,0.000,0.000,0.000,0.000,0.000,0.000
De’Von Achane,RB,4,MIA,21.0,224.0,86.6,1.000,0.843,0.031,0.000,0.000,0.000,0.000,0.000,0.000,0.000,0.000,0.000,0.000,0.000,0.000,0.000
Nico Collins,WR,4,HOU,19.0,236.0,84.9,1.000,0.733,0.003,0.000,0.000,0.000,0.000,0.000,0.000,0.000,0.000,0.000,0.000,0.000,0.000,0.000
Josh Allen,QB,1,BUF,25.0,362.0,80.5,1.000,0.953,0.207,0.001,0.000,0.000,0.000,0.000,0.000,0.000,0.000,0.000,0.000,0.000,0.000,0.000
Drake London,WR,4,ATL,22.0,229.0,77.9,1.000,0.883,0.058,0.000,0.000,0.000,0.000,0.000,0.000,0.000,0.000,0.000,0.000,0.000,0.000,0.000
Rashee Rice,WR,4,KC,23.0,225.5,74.4,1.000,0.919,0.083,0.000,0.000,0.000,0.000,0.000,0.000,0.000,0.000,0.000,0.000,0.000,0.000,0.000
Jeremiyah Love,RB,5,ARI,31.0,206.5,69.1,1.000,0.990,0.625,0.059,0.000,0.000,0.000,0.000,0.000,0.000,0.000,0.000,0.000,0.000,0.000,0.000
George Pickens,WR,4,DAL,26.0,218.5,67.4,1.000,0.965,0.272,0.002,0.000,0.000,0.000,0.000,0.000,0.000,0.000,0.000,0.000,0.000,0.000,0.000
Chris Olave,WR,4,NO,27.0,218.5,67.4,1.000,0.969,0.342,0.006,0.000,0.000,0.000,0.000,0.000,0.000,0.000,0.000,0.000,0.000,0.000,0.000
Josh Jacobs,RB,5,GB,32.0,203.0,65.6,1.000,0.993,0.666,0.104,0.001,0.000,0.000,0.000,0.000,0.000,0.000,0.000,0.000,0.000,0.000,0.000
Emeka Egbuka,WR,4,TB,28.0,215.0,63.9,1.000,0.977,0.418,0.016,0.000,0.000,0.000,0.000,0.000,0.000,0.000,0.000,0.000,0.000,0.000,0.000
Tetairoa McMillan,WR,4,CAR,29.0,215.0,63.9,1.000,0.985,0.495,0.034,0.000,0.000,0.000,0.000,0.000,0.000,0.000,0.000,0.000,0.000,0.000,0.000
Lamar Jackson,QB,2,BAL,33.0,344.5,63.0,1.000,0.992,0.711,0.151,0.000,0.000,0.000,0.000,0.000,0.000,0.000,0.000,0.000,0.000,0.000,0.000
Colston Loveland,TE,2,CHI,43.0,158.5,63.0,1.000,0.999,0.952,0.655,0.092,0.007,0.000,0.000,0.000,0.000,0.000,0.000,0.000,0.000,0.000,0.000
DeVonta Smith,WR,5,PHI,30.0,211.5,60.4,1.000,0.987,0.561,0.053,0.000,0.000,0.000,0.000,0.000,0.000,0.000,0.000,0.000,0.000,0.000,0.000
Drake Maye,QB,2,NE,35.0,341.0,59.5,1.000,0.996,0.798,0.266,0.009,0.000,0.000,0.000,0.000,0.000,0.000,0.000,0.000,0.000,0.000,0.000
Tyler Warren,TE,2,IND,47.0,151.5,56.0,1.000,0.999,0.968,0.779,0.276,0.040,0.001,0.000,0.000,0.000,0.000,0.000,0.000,0.000,0.000,0.000
Tee Higgins,WR,6,CIN,34.0,204.5,53.4,1.000,0.996,0.751,0.187,0.004,0.000,0.000,0.000,0.000,0.000,0.000,0.000,0.000,0.000,0.000,0.000
Kyren Williams,RB,6,LAR,37.0,189.0,51.6,1.000,0.996,0.846,0.344,0.016,0.000,0.000,0.000,0.000,0.000,0.000,0.000,0.000,0.000,0.000,0.000
Jayden Daniels,QB,2,WAS,40.0,330.5,49.0,1.000,0.999,0.912,0.530,0.078,0.003,0.000,0.000,0.000,0.000,0.000,0.000,0.000,0.000,0.000,0.000
Javonte Williams,RB,7,DAL,38.0,185.5,48.1,1.000,0.998,0.879,0.410,0.028,0.000,0.000,0.000,0.000,0.000,0.000,0.000,0.000,0.000,0.000,0.000
Breece Hall,RB,7,NYJ,39.0,185.5,48.1,1.000,0.998,0.905,0.464,0.044,0.000,0.000,0.000,0.000,0.000,0.000,0.000,0.000,0.000,0.000,0.000
Ladd McConkey,WR,7,LAC,36.0,197.5,46.4,1.000,0.998,0.827,0.302,0.013,0.000,0.000,0.000,0.000,0.000,0.000,0.000,0.000,0.000,0.000,0.000
Travis Etienne Jr.,RB,8,NO,46.0,175.0,37.6,1.000,0.999,0.969,0.750,0.244,0.011,0.000,0.000,0.000,0.000,0.000,0.000,0.000,0.000,0.000,0.000
Malik Nabers,WR,8,NYG,41.0,187.0,35.9,1.000,0.999,0.926,0.555,0.087,0.001,0.000,0.000,0.000,0.000,0.000,0.000,0.000,0.000,0.000,0.000
Zay Flowers,WR,8,BAL,42.0,187.0,35.9,1.000,0.998,0.937,0.608,0.109,0.002,0.000,0.000,0.000,0.000,0.000,0.000,0.000,0.000,0.000,0.000
Joe Burrow,QB,3,CIN,48.0,316.5,35.0,1.000,1.000,0.975,0.823,0.359,0.066,0.007,0.000,0.000,0.000,0.000,0.000,0.000,0.000,0.000,0.000
Tucker Kraft,TE,3,GB,67.0,130.5,35.0,1.000,1.000,0.998,0.981,0.874,0.592,0.238,0.058,0.001,0.000,0.000,0.000,0.000,0.000,0.000,0.000
Jaylen Waddle,WR,9,DEN,44.0,183.5,32.4,1.000,1.000,0.956,0.699,0.175,0.011,0.000,0.000,0.000,0.000,0.000,0.000,0.000,0.000,0.000,0.000
Kyle Pitts,TE,3,ATL,72.0,127.0,31.5,1.000,1.000,0.999,0.989,0.924,0.749,0.402,0.144,0.010,0.002,0.000,0.000,0.000,0.000,0.000,0.000
Cam Skattebo,RB,9,NYG,50.0,168.0,30.6,1.000,1.000,0.982,0.853,0.418,0.073,0.000,0.000,0.000,0.000,0.000,0.000,0.000,0.000,0.000,0.000
Davante Adams,WR,10,LAR,45.0,180.0,28.9,1.000,1.000,0.965,0.724,0.200,0.018,0.001,0.000,0.000,0.000,0.000,0.000,0.000,0.000,0.000,0.000
Justin Herbert,QB,3,LAC,52.0,309.5,28.0,1.000,1.000,0.986,0.888,0.520,0.190,0.025,0.000,0.000,0.000,0.000,0.000,0.000,0.000,0.000,0.000
Jalen Hurts,QB,3,PHI,53.0,309.5,28.0,1.000,1.000,0.989,0.902,0.580,0.239,0.042,0.001,0.000,0.000,0.000,0.000,0.000,0.000,0.000,0.000
Sam LaPorta,TE,3,DET,78.0,120.0,24.5,1.000,1.000,0.998,0.992,0.954,0.836,0.568,0.316,0.052,0.007,0.001,0.000,0.000,0.000,0.000,0.000
Terry McLaurin,WR,11,WAS,49.0,173.0,21.9,1.000,1.000,0.980,0.833,0.353,0.072,0.001,0.000,0.000,0.000,0.000,0.000,0.000,0.000,0.000,0.000
Jameson Williams,WR,11,DET,51.0,173.0,21.9,1.000,1.000,0.981,0.875,0.448,0.109,0.003,0.000,0.000,0.000,0.000,0.000,0.000,0.000,0.000,0.000
Caleb Williams,QB,3,CHI,61.0,302.5,21.0,1.000,1.000,0.995,0.967,0.795,0.498,0.179,0.017,0.001,0.000,0.000,0.000,0.000,0.000,0.000,0.000
Harold Fannin Jr.,TE,3,CLE,81.0,116.5,21.0,1.000,1.000,0.999,0.995,0.969,0.888,0.656,0.422,0.107,0.028,0.004,0.001,0.000,0.000,0.000,0.000
TreVeyon Henderson,RB,10,NE,59.0,157.5,20.1,1.000,1.000,0.996,0.944,0.705,0.354,0.038,0.001,0.000,0.000,0.000,0.000,0.000,0.000,0.000,0.000
Quinshon Judkins,RB,10,CLE,60.0,157.5,20.1,1.000,1.000,0.994,0.954,0.728,0.397,0.064,0.001,0.000,0.000,0.000,0.000,0.000,0.000,0.000,0.000
Luther Burden III,WR,12,CHI,54.0,169.5,18.4,1.000,1.000,0.989,0.904,0.573,0.209,0.017,0.000,0.000,0.000,0.000,0.000,0.000,0.000,0.000,0.000
Garrett Wilson,WR,12,NYJ,55.0,169.5,18.4,0.919,1.000,0.991,0.913,0.593,0.230,0.022,0.000,0.000,0.000,0.000,0.000,0.000,0.000,0.000,0.000
D’Andre Swift,RB,11,CHI,62.0,154.0,16.6,1.000,1.000,0.997,0.966,0.793,0.476,0.124,0.006,0.000,0.000,0.000,0.000,0.000,0.000,0.000,0.000
Bucky Irving,RB,11,TB,63.0,154.0,16.6,1.000,1.000,0.994,0.970,0.805,0.492,0.131,0.007,0.000,0.000,0.000,0.000,0.000,0.000,0.000,0.000
David Montgomery,RB,11,HOU,64.0,154.0,16.6,1.000,1.000,0.996,0.972,0.820,0.529,0.167,0.021,0.000,0.000,0.000,0.000,0.000,0.000,0.000,0.000
Mike Evans,WR,13,SF,56.0,166.0,14.9,0.770,1.000,0.989,0.927,0.632,0.272,0.030,0.001,0.000,0.000,0.000,0.000,0.000,0.000,0.000,0.000
Christian Watson,WR,13,GB,57.0,166.0,14.9,0.408,1.000,0.993,0.948,0.675,0.304,0.048,0.002,0.000,0.000,0.000,0.000,0.000,0.000,0.000,0.000
Trevor Lawrence,QB,3,JAX,68.0,295.5,14.0,1.000,1.000,0.998,0.977,0.883,0.703,0.416,0.081,0.008,0.000,0.000,0.000,0.000,0.000,0.000,0.000
Rhamondre Stevenson,RB,12,NE,66.0,150.5,13.1,0.982,1.000,0.999,0.980,0.855,0.576,0.221,0.042,0.000,0.000,0.000,0.000,0.000,0.000,0.000,0.000
Rome Odunze,WR,14,CHI,58.0,162.5,11.4,0.089,1.000,0.994,0.940,0.684,0.348,0.069,0.009,0.000,0.000,0.000,0.000,0.000,0.000,0.000,0.000
Chuba Hubbard,RB,13,CAR,70.0,147.0,9.6,0.949,1.000,0.998,0.983,0.891,0.681,0.312,0.109,0.006,0.000,0.000,0.000,0.000,0.000,0.000,0.000
Tony Pollard,RB,13,TEN,71.0,147.0,9.6,0.682,1.000,0.998,0.986,0.907,0.718,0.361,0.137,0.009,0.000,0.000,0.000,0.000,0.000,0.000,0.000
Dak Prescott,QB,3,DAL,75.0,288.5,7.0,1.000,1.000,0.999,0.991,0.945,0.831,0.614,0.231,0.054,0.004,0.000,0.000,0.000,0.000,0.000,0.000
Bo Nix,QB,3,DEN,76.0,288.5,7.0,1.000,1.000,1.000,0.991,0.954,0.852,0.653,0.261,0.069,0.007,0.001,0.000,0.000,0.000,0.000,0.000
Travis Kelce,TE,4,KC,101.0,102.5,7.0,1.000,1.000,1.000,1.000,0.991,0.971,0.900,0.796,0.531,0.259,0.112,0.047,0.012,0.003,0.001,0.000
Jadarian Price,RB,14,SEA,73.0,143.5,6.1,0.145,1.000,0.999,0.987,0.925,0.754,0.403,0.185,0.028,0.001,0.000,0.000,0.000,0.000,0.000,0.000
DJ Moore,WR,15,BUF,65.0,155.5,4.4,0.000,0.972,0.998,0.981,0.841,0.568,0.198,0.052,0.005,0.000,0.000,0.000,0.000,0.000,0.000,0.000
Brian Thomas Jr.,WR,15,JAX,69.0,155.5,4.4,0.000,0.894,0.997,0.984,0.886,0.663,0.286,0.110,0.016,0.000,0.000,0.000,0.000,0.000,0.000,0.000
Brock Purdy,QB,3,SF,79.0,285.0,3.5,1.000,1.000,1.000,0.995,0.968,0.885,0.719,0.356,0.110,0.021,0.001,0.000,0.000,0.000,0.000,0.000
Jake Ferguson,TE,4,DAL,105.0,99.0,3.5,1.000,1.000,1.000,0.999,0.995,0.981,0.925,0.841,0.632,0.389,0.183,0.083,0.024,0.005,0.001,0.000
Dalton Kincaid,TE,4,BUF,106.0,99.0,3.5,1.000,1.000,1.000,1.000,0.996,0.983,0.937,0.858,0.656,0.434,0.217,0.100,0.032,0.006,0.003,0.001
Jaylen Warren,RB,15,PIT,77.0,140.0,2.6,0.008,0.999,1.000,0.992,0.943,0.811,0.529,0.302,0.076,0.004,0.000,0.000,0.000,0.000,0.000,0.000
Seattle Seahawks,DST,1,SEA,201.0,98.0,2.6,1.000,1.000,1.000,1.000,1.000,1.000,1.000,1.000,1.000,1.000,1.000,1.000,1.000,1.000,0.726,0.439
Brandon Aubrey,K,1,DAL,213.0,105.0,2.6,1.000,1.000,1.000,1.000,1.000,1.000,1.000,1.000,1.000,1.000,1.000,1.000,1.000,1.000,0.819,0.000
Houston Texans,DST,1,HOU,202.0,97.8,2.4,1.000,1.000,1.000,1.000,1.000,1.000,1.000,1.000,1.000,1.000,1.000,1.000,1.000,1.000,0.741,0.548
Ka’imi Fairbairn,K,1,HOU,214.0,104.8,2.4,1.000,1.000,1.000,1.000,1.000,1.000,1.000,1.000,1.000,1.000,1.000,1.000,1.000,1.000,0.820,0.632
Denver Broncos,DST,1,DEN,203.0,97.5,2.1,1.000,1.000,1.000,1.000,1.000,1.000,1.000,1.000,1.000,1.000,1.000,1.000,1.000,1.000,0.755,0.572
Cameron Dicker,K,1,LAC,215.0,104.5,2.1,1.000,1.000,1.000,1.000,1.000,1.000,1.000,1.000,1.000,1.000,1.000,1.000,1.000,1.000,0.824,0.664
Los Angeles Rams,DST,1,LAR,204.0,97.2,1.9,1.000,1.000,1.000,1.000,1.000,1.000,1.000,1.000,1.000,1.000,1.000,1.000,1.000,1.000,0.760,0.575
Jason Myers,K,1,SEA,216.0,104.2,1.9,1.000,1.000,1.000,1.000,1.000,1.000,1.000,1.000,1.000,1.000,1.000,1.000,1.000,1.000,0.831,0.672
Philadelphia Eagles,DST,1,PHI,205.0,97.0,1.6,1.000,1.000,1.000,1.000,1.000,1.000,1.000,1.000,1.000,1.000,1.000,1.000,1.000,1.000,0.773,0.590
Cam Little,K,1,JAX,217.0,104.0,1.6,1.000,1.000,1.000,1.000,1.000,1.000,1.000,1.000,1.000,1.000,1.000,1.000,1.000,1.000,0.845,0.690
Minnesota Vikings,DST,1,MIN,206.0,96.8,1.4,1.000,1.000,1.000,1.000,1.000,1.000,1.000,1.000,1.000,1.000,1.000,1.000,1.000,1.000,0.782,0.609
Chris Boswell,K,1,PIT,218.0,103.8,1.4,1.000,1.000,1.000,1.000,1.000,1.000,1.000,1.000,1.000,1.000,1.000,1.000,1.000,1.000,0.829,0.681
Jacksonville Jaguars,DST,1,JAX,207.0,96.5,1.1,1.000,1.000,1.000,1.000,1.000,1.000,1.000,1.000,1.000,1.000,1.000,1.000,1.000,1.000,0.771,0.600
Eddy Pineiro,K,1,SF,219.0,103.5,1.1,1.000,1.000,1.000,1.000,1.000,1.000,1.000,1.000,1.000,1.000,1.000,1.000,1.000,1.000,0.841,0.693
New England Patriots,DST,1,NE,208.0,96.2,0.9,1.000,1.000,1.000,1.000,1.000,1.000,1.000,1.000,1.000,1.000,1.000,1.000,1.000,1.000,0.781,0.613
Harrison Butker,K,1,KC,220.0,103.2,0.9,1.000,1.000,1.000,1.000,1.000,1.000,1.000,1.000,1.000,1.000,1.000,1.000,1.000,1.000,0.846,0.691
Baltimore Ravens,DST,2,BAL,209.0,96.0,0.6,1.000,1.000,1.000,1.000,1.000,1.000,1.000,1.000,1.000,1.000,1.000,1.000,1.000,1.000,0.802,0.631
Chase McLaughlin,K,2,TB,221.0,103.0,0.6,1.000,1.000,1.000,1.000,1.000,1.000,1.000,1.000,1.000,1.000,1.000,1.000,1.000,1.000,0.847,0.713
Pittsburgh Steelers,DST,2,PIT,210.0,95.8,0.4,1.000,1.000,1.000,1.000,1.000,1.000,1.000,1.000,1.000,1.000,1.000,1.000,1.000,1.000,0.795,0.639
Evan McPherson,K,2,CIN,222.0,102.8,0.4,1.000,1.000,1.000,1.000,1.000,1.000,1.000,1.000,1.000,1.000,1.000,1.000,1.000,1.000,0.854,0.723
Los Angeles Chargers,DST,2,LAC,211.0,95.5,0.1,1.000,1.000,1.000,1.000,1.000,1.000,1.000,1.000,1.000,1.000,1.000,1.000,1.000,1.000,0.799,0.635
Harrison Mevis,K,2,LAR,223.0,102.5,0.1,1.000,1.000,1.000,1.000,1.000,1.000,1.000,1.000,1.000,1.000,1.000,1.000,1.000,1.000,0.856,0.719
Isaiah Likely,TE,4,NYG,115.0,95.5,0.0,1.000,1.000,1.000,1.000,0.997,0.989,0.960,0.916,0.771,0.606,0.385,0.215,0.093,0.033,0.011,0.003
Dallas Goedert,TE,4,PHI,117.0,95.5,0.0,1.000,1.000,1.000,1.000,0.997,0.990,0.961,0.919,0.791,0.649,0.431,0.258,0.106,0.040,0.019,0.007
Mark Andrews,TE,4,BAL,118.0,95.5,0.0,1.000,1.000,1.000,1.000,0.996,0.991,0.964,0.922,0.803,0.658,0.444,0.271,0.120,0.040,0.018,0.006
George Kittle,TE,4,SF,120.0,95.5,0.0,1.000,1.000,1.000,1.000,0.998,0.992,0.967,0.931,0.810,0.684,0.476,0.304,0.146,0.060,0.026,0.009
T.J. Hockenson,TE,4,MIN,127.0,95.5,0.0,1.000,1.000,1.000,1.000,0.998,0.995,0.979,0.956,0.871,0.758,0.578,0.405,0.223,0.096,0.050,0.025
Cleveland Browns,DST,2,CLE,212.0,95.2,-0.1,1.000,1.000,1.000,1.000,1.000,1.000,1.000,1.000,1.000,1.000,1.000,1.000,1.000,1.000,0.802,0.639
Jake Bates,K,2,DET,224.0,102.2,-0.1,1.000,1.000,1.000,1.000,1.000,1.000,1.000,1.000,1.000,1.000,1.000,1.000,1.000,1.000,0.868,0.740
Bhayshul Tuten,RB,16,JAX,82.0,136.5,-0.9,0.000,0.993,1.000,0.996,0.968,0.878,0.641,0.419,0.162,0.030,0.001,0.000,0.000,0.000,0.000,0.000
Marvin Harrison Jr.,WR,16,ARI,74.0,148.5,-2.6,0.000,0.530,0.999,0.990,0.929,0.777,0.438,0.213,0.053,0.007,0.001,0.000,0.000,0.000,0.000,0.000
Jaxson Dart,QB,4,NYG,85.0,278.0,-3.5,1.000,1.000,1.000,0.997,0.976,0.927,0.793,0.478,0.222,0.061,0.006,0.002,0.000,0.000,0.000,0.000
Juwan Johnson,TE,5,NO,141.0,92.0,-3.5,1.000,1.000,1.000,1.000,0.999,0.997,0.991,0.980,0.940,0.880,0.765,0.625,0.438,0.277,0.174,0.095
Chig Okonkwo,TE,5,WAS,145.0,92.0,-3.5,1.000,1.000,1.000,1.000,1.000,0.999,0.991,0.982,0.948,0.899,0.807,0.677,0.492,0.317,0.219,0.120
Hunter Henry,TE,5,NE,150.0,92.0,-3.5,1.000,1.000,1.000,1.000,1.000,0.998,0.993,0.984,0.958,0.915,0.831,0.716,0.555,0.385,0.268,0.164
Carnell Tate,WR,17,TEN,80.0,145.0,-6.1,0.000,0.121,0.998,0.995,0.961,0.861,0.587,0.361,0.131,0.032,0.003,0.000,0.000,0.000,0.000,0.000
Kyler Murray,QB,4,MIN,88.0,274.5,-7.0,1.000,1.000,1.000,0.997,0.984,0.938,0.835,0.548,0.296,0.098,0.017,0.005,0.001,0.000,0.000,0.000
AJ Barner,TE,6,SEA,161.0,88.5,-7.0,1.000,1.000,1.000,1.000,1.000,0.999,0.998,0.994,0.978,0.948,0.895,0.816,0.692,0.530,0.406,0.270
Brenton Strange,TE,6,JAX,164.0,88.5,-7.0,1.000,1.000,1.000,1.000,1.000,0.999,0.997,0.993,0.974,0.947,0.899,0.823,0.708,0.566,0.459,0.325
Oronde Gadsden II,TE,6,LAC,166.0,88.5,-7.0,1.000,1.000,1.000,1.000,1.000,0.999,0.998,0.994,0.981,0.958,0.911,0.841,0.732,0.586,0.468,0.329
Kenyon Sadiq,TE,6,NYJ,173.0,88.5,-7.0,1.000,1.000,1.000,1.000,1.000,1.000,0.998,0.995,0.983,0.969,0.938,0.887,0.792,0.669,0.568,0.439
Greg Dulcich,TE,6,MIA,176.0,88.5,-7.0,1.000,1.000,1.000,1.000,1.000,0.999,0.997,0.996,0.987,0.974,0.945,0.898,0.812,0.691,0.594,0.467
RJ Harvey,RB,17,DEN,92.0,129.5,-7.9,0.000,0.978,1.000,0.998,0.986,0.946,0.806,0.641,0.366,0.174,0.025,0.001,0.000,0.000,0.000,0.000
Jordyn Tyson,WR,18,NO,83.0,141.5,-9.6,0.000,0.004,0.953,0.997,0.969,0.885,0.650,0.429,0.178,0.057,0.005,0.000,0.000,0.000,0.000,0.000
Patrick Mahomes,QB,4,KC,93.0,271.0,-10.5,1.000,1.000,1.000,0.998,0.987,0.964,0.891,0.656,0.398,0.183,0.040,0.011,0.001,0.001,0.000,0.000
Rico Dowdle,RB,18,PIT,96.0,126.0,-11.4,0.000,0.828,1.000,0.999,0.991,0.961,0.845,0.711,0.462,0.256,0.051,0.002,0.000,0.000,0.000,0.000
DK Metcalf,WR,19,PIT,84.0,138.0,-13.1,0.000,0.000,0.873,0.996,0.968,0.891,0.673,0.463,0.201,0.071,0.012,0.000,0.000,0.000,0.000,0.000
Dalton Schultz,TE,7,HOU,186.0,81.8,-13.8,0.001,0.204,0.993,1.000,1.000,1.000,0.999,0.997,0.993,0.984,0.959,0.924,0.858,0.765,0.684,0.557
Matthew Stafford,QB,5,LAR,97.0,267.5,-14.0,1.000,1.000,1.000,1.000,0.995,0.975,0.925,0.739,0.499,0.284,0.093,0.040,0.009,0.004,0.002,0.002
Malik Willis,QB,5,MIA,104.0,267.5,-14.0,1.000,1.000,0.999,0.999,0.995,0.983,0.951,0.818,0.623,0.422,0.178,0.097,0.030,0.017,0.007,0.006
Terrance Ferguson,TE,7,LAR,188.0,81.2,-14.2,0.000,0.008,0.851,1.000,1.000,1.000,0.998,0.997,0.992,0.981,0.963,0.929,0.870,0.779,0.701,0.592
Blake Corum,RB,19,LAR,99.0,122.5,-14.9,0.000,0.588,1.000,0.998,0.991,0.963,0.873,0.742,0.497,0.294,0.084,0.004,0.000,0.000,0.000,0.000
J.K. Dobbins,RB,19,DEN,100.0,122.5,-14.9,0.000,0.242,1.000,0.999,0.994,0.969,0.883,0.766,0.548,0.323,0.108,0.013,0.000,0.000,0.000,0.000
Alec Pierce,WR,20,IND,86.0,134.5,-16.6,0.000,0.000,0.652,0.998,0.975,0.910,0.708,0.511,0.238,0.097,0.020,0.001,0.000,0.000,0.000,0.000
Parker Washington,WR,20,JAX,87.0,134.5,-16.6,0.000,0.000,0.408,0.997,0.977,0.916,0.736,0.540,0.271,0.110,0.027,0.003,0.000,0.000,0.000,0.000
Michael Wilson,WR,20,ARI,89.0,134.5,-16.6,0.000,0.000,0.214,0.997,0.976,0.919,0.768,0.581,0.314,0.149,0.038,0.003,0.000,0.000,0.000,0.000
Courtland Sutton,WR,20,DEN,90.0,134.5,-16.6,0.000,0.000,0.086,0.985,0.983,0.937,0.781,0.600,0.334,0.151,0.041,0.004,0.000,0.000,0.000,0.000
Colby Parkinson,TE,8,LAR,199.0,78.5,-17.0,0.000,0.000,0.043,0.370,0.933,0.997,0.999,0.998,0.995,0.987,0.974,0.956,0.914,0.856,0.798,0.694
Baker Mayfield,QB,6,TB,107.0,264.0,-17.5,1.000,1.000,1.000,1.000,0.996,0.986,0.957,0.838,0.661,0.479,0.236,0.137,0.043,0.024,0.012,0.011
Kenneth Gainwell,RB,20,TB,109.0,119.0,-18.4,0.000,0.049,0.999,0.999,0.998,0.984,0.938,0.863,0.699,0.499,0.243,0.046,0.003,0.000,0.000,0.000
Rachaad White,RB,20,WAS,110.0,119.0,-18.4,0.000,0.001,0.968,0.999,0.994,0.978,0.929,0.858,0.700,0.522,0.285,0.075,0.004,0.000,0.000,0.000
Quentin Johnston,WR,21,LAC,91.0,131.0,-20.1,0.000,0.000,0.022,0.944,0.986,0.942,0.801,0.628,0.358,0.177,0.051,0.009,0.000,0.000,0.000,0.000
Jayden Reed,WR,21,GB,94.0,131.0,-20.1,0.000,0.000,0.002,0.807,0.986,0.953,0.826,0.668,0.413,0.213,0.071,0.018,0.003,0.000,0.000,0.000
Jordan Addison,WR,21,MIN,95.0,131.0,-20.1,0.000,0.000,0.000,0.570,0.986,0.949,0.842,0.682,0.430,0.234,0.085,0.019,0.001,0.000,0.000,0.000
Jared Goff,QB,7,DET,114.0,260.5,-21.0,1.000,1.000,1.000,1.000,0.998,0.989,0.971,0.892,0.770,0.624,0.379,0.253,0.095,0.058,0.029,0.026
Jordan Love,QB,7,GB,116.0,260.5,-21.0,1.000,1.000,1.000,1.000,0.997,0.991,0.973,0.907,0.787,0.658,0.438,0.306,0.126,0.081,0.042,0.037
Tyler Shough,QB,7,NO,121.0,260.5,-21.0,1.000,1.000,1.000,1.000,0.998,0.993,0.980,0.924,0.829,0.713,0.512,0.388,0.187,0.131,0.065,0.059
Kyle Monangai,RB,21,CHI,113.0,115.5,-21.9,0.000,0.000,0.371,0.984,0.997,0.987,0.953,0.895,0.750,0.583,0.349,0.133,0.010,0.001,0.000,0.000
Aaron Jones Sr.,RB,21,MIN,119.0,115.5,-21.9,0.000,0.000,0.102,0.900,0.997,0.989,0.967,0.921,0.807,0.651,0.441,0.216,0.031,0.004,0.001,0.000
Tyrone Tracy Jr.,RB,21,NYG,122.0,115.5,-21.9,0.000,0.000,0.011,0.637,0.996,0.992,0.971,0.936,0.848,0.711,0.516,0.286,0.058,0.009,0.002,0.001
Jonathon Brooks,RB,21,CAR,124.0,115.5,-21.9,0.000,0.000,0.001,0.359,0.989,0.994,0.976,0.942,0.853,0.731,0.527,0.320,0.094,0.013,0.003,0.001
Jordan Mason,RB,21,MIN,125.0,115.5,-21.9,0.000,0.000,0.000,0.165,0.952,0.994,0.971,0.939,0.860,0.738,0.559,0.368,0.125,0.024,0.005,0.002
Jacory Croskey-Merritt,RB,21,WAS,126.0,115.5,-21.9,0.000,0.000,0.000,0.034,0.789,0.995,0.978,0.944,0.868,0.759,0.564,0.373,0.145,0.034,0.008,0.001
Keaton Mitchell,RB,21,LAC,128.0,115.5,-21.9,0.000,0.000,0.000,0.002,0.473,0.988,0.981,0.954,0.883,0.774,0.590,0.405,0.167,0.041,0.012,0.002
Josh Downs,WR,22,IND,98.0,127.5,-23.6,0.000,0.000,0.000,0.277,0.980,0.965,0.873,0.750,0.509,0.304,0.120,0.043,0.009,0.001,0.000,0.000
Michael Pittman Jr.,WR,22,PIT,102.0,127.5,-23.6,0.000,0.000,0.000,0.089,0.939,0.973,0.900,0.789,0.576,0.383,0.167,0.062,0.016,0.001,0.000,0.000
Makai Lemon,WR,22,PHI,103.0,127.5,-23.6,0.000,0.000,0.000,0.019,0.828,0.970,0.898,0.795,0.603,0.398,0.199,0.083,0.023,0.002,0.000,0.000
C.J. Stroud,QB,8,HOU,149.0,257.0,-24.5,1.000,1.000,1.000,1.000,1.000,0.999,0.996,0.985,0.957,0.922,0.839,0.768,0.590,0.509,0.379,0.359
Sam Darnold,QB,8,SEA,152.0,257.0,-24.5,1.000,1.000,1.000,1.000,1.000,0.999,0.996,0.986,0.963,0.934,0.857,0.788,0.614,0.543,0.427,0.405
Tyler Allgeier,RB,22,ARI,133.0,112.0,-25.4,0.000,0.000,0.000,0.000,0.172,0.914,0.985,0.966,0.908,0.825,0.672,0.499,0.266,0.088,0.025,0.006
Woody Marks,RB,22,HOU,134.0,112.0,-25.4,0.000,0.000,0.000,0.000,0.039,0.708,0.983,0.965,0.913,0.827,0.679,0.505,0.285,0.114,0.041,0.008
Alvin Kamara,RB,22,NO,135.0,112.0,-25.4,0.000,0.000,0.000,0.000,0.006,0.412,0.981,0.969,0.917,0.834,0.689,0.529,0.309,0.125,0.037,0.009
Chris Rodriguez Jr.,RB,22,JAX,136.0,112.0,-25.4,0.000,0.000,0.000,0.000,0.001,0.195,0.949,0.976,0.926,0.849,0.703,0.544,0.320,0.142,0.047,0.009
Dylan Sampson,RB,22,CLE,139.0,112.0,-25.4,0.000,0.000,0.000,0.000,0.000,0.073,0.865,0.973,0.933,0.871,0.733,0.573,0.340,0.166,0.053,0.015
Isiah Pacheco,RB,22,DET,142.0,112.0,-25.4,0.000,0.000,0.000,0.000,0.000,0.021,0.713,0.975,0.933,0.877,0.761,0.614,0.396,0.205,0.081,0.019
Jonah Coleman,RB,22,DEN,148.0,112.0,-25.4,0.000,0.000,0.000,0.000,0.000,0.006,0.515,0.981,0.953,0.901,0.807,0.681,0.490,0.285,0.122,0.042
Wan’Dale Robinson,WR,23,TEN,108.0,124.0,-27.1,0.000,0.000,0.000,0.002,0.658,0.981,0.927,0.842,0.669,0.468,0.260,0.132,0.045,0.004,0.000,0.000
Jakobi Meyers,WR,23,JAX,111.0,124.0,-27.1,0.000,0.000,0.000,0.000,0.442,0.981,0.940,0.874,0.727,0.539,0.323,0.162,0.057,0.005,0.000,0.000
Chris Godwin Jr.,WR,23,TB,112.0,124.0,-27.1,0.000,0.000,0.000,0.000,0.244,0.978,0.948,0.892,0.734,0.555,0.347,0.186,0.069,0.009,0.000,0.000
Daniel Jones,QB,9,IND,159.0,253.5,-28.0,1.000,1.000,1.000,1.000,0.999,0.998,0.997,0.989,0.973,0.950,0.891,0.836,0.701,0.639,0.517,0.495
Bryce Young,QB,9,CAR,171.0,253.5,-28.0,0.000,0.047,0.797,0.999,1.000,1.000,1.000,0.994,0.983,0.967,0.932,0.897,0.798,0.750,0.657,0.639
Cam Ward,QB,9,TEN,172.0,253.5,-28.0,0.000,0.000,0.217,0.900,1.000,1.000,0.999,0.993,0.985,0.971,0.936,0.902,0.809,0.762,0.670,0.652
Tyjae Spears,RB,23,TEN,155.0,108.5,-28.9,0.000,0.000,0.000,0.000,0.000,0.001,0.323,0.970,0.967,0.929,0.855,0.745,0.580,0.383,0.198,0.083
Brian Robinson Jr.,RB,23,ATL,156.0,108.5,-28.9,0.000,0.000,0.000,0.000,0.000,0.000,0.169,0.910,0.966,0.932,0.858,0.760,0.565,0.378,0.221,0.095
James Conner,RB,23,ARI,157.0,108.5,-28.9,0.000,0.000,0.000,0.000,0.000,0.000,0.067,0.749,0.971,0.942,0.873,0.777,0.593,0.399,0.222,0.095
Tank Bigsby,RB,23,PHI,158.0,108.5,-28.9,0.000,0.000,0.000,0.000,0.000,0.000,0.021,0.501,0.946,0.938,0.878,0.793,0.620,0.427,0.257,0.116
Zach Charbonnet,RB,23,SEA,160.0,108.5,-28.9,0.000,0.000,0.000,0.000,0.000,0.000,0.002,0.238,0.858,0.940,0.882,0.800,0.636,0.441,0.267,0.117
Braelon Allen,RB,23,NYJ,165.0,108.5,-28.9,0.000,0.000,0.000,0.000,0.000,0.000,0.000,0.083,0.664,0.950,0.902,0.826,0.682,0.495,0.326,0.162
Ray Davis,RB,23,BUF,168.0,108.5,-28.9,0.000,0.000,0.000,0.000,0.000,0.000,0.000,0.022,0.406,0.914,0.923,0.859,0.716,0.540,0.374,0.188
Mike Washington Jr.,RB,23,LV,174.0,108.5,-28.9,0.000,0.000,0.000,0.000,0.000,0.000,0.000,0.004,0.192,0.817,0.926,0.874,0.760,0.599,0.425,0.243
Matthew Golden,WR,24,GB,123.0,120.5,-30.6,0.000,0.000,0.000,0.000,0.095,0.939,0.974,0.942,0.851,0.729,0.538,0.346,0.184,0.056,0.010,0.005
Khalil Shakir,WR,24,BUF,129.0,120.5,-30.6,0.000,0.000,0.000,0.000,0.034,0.820,0.981,0.956,0.886,0.784,0.615,0.443,0.264,0.098,0.017,0.010
Romeo Doubs,WR,24,NE,130.0,120.5,-30.6,0.000,0.000,0.000,0.000,0.008,0.618,0.981,0.959,0.899,0.805,0.641,0.468,0.291,0.122,0.027,0.018
Kaytron Allen,RB,24,WAS,177.0,104.0,-33.4,0.000,0.000,0.000,0.000,0.000,0.000,0.000,0.001,0.072,0.633,0.935,0.890,0.784,0.632,0.461,0.268
Emmett Johnson,RB,24,KC,178.0,103.8,-33.6,0.000,0.000,0.000,0.000,0.000,0.000,0.000,0.000,0.021,0.415,0.916,0.900,0.801,0.671,0.510,0.303
Nicholas Singleton,RB,24,TEN,179.0,103.5,-33.9,0.000,0.000,0.000,0.000,0.000,0.000,0.000,0.000,0.004,0.219,0.846,0.900,0.801,0.659,0.494,0.304
Xavier Worthy,WR,25,KC,131.0,117.0,-34.1,0.000,0.000,0.000,0.000,0.002,0.400,0.974,0.959,0.903,0.809,0.648,0.472,0.288,0.131,0.042,0.022
Jayden Higgins,WR,25,HOU,132.0,117.0,-34.1,0.000,0.000,0.000,0.000,0.000,0.220,0.959,0.959,0.897,0.807,0.650,0.487,0.310,0.144,0.043,0.024
De’Zhaun Stribling,WR,25,SF,137.0,117.0,-34.1,0.000,0.000,0.000,0.000,0.000,0.093,0.901,0.972,0.920,0.849,0.716,0.561,0.389,0.216,0.086,0.059
Jalen Coker,WR,25,CAR,138.0,117.0,-34.1,0.000,0.000,0.000,0.000,0.000,0.027,0.736,0.971,0.924,0.846,0.716,0.564,0.390,0.227,0.095,0.062
KC Concepcion,WR,25,CLE,140.0,117.0,-34.1,0.000,0.000,0.000,0.000,0.000,0.005,0.507,0.967,0.933,0.865,0.742,0.600,0.431,0.261,0.127,0.084
Rashid Shaheed,WR,25,SEA,143.0,117.0,-34.1,0.000,0.000,0.000,0.000,0.000,0.000,0.272,0.948,0.947,0.891,0.782,0.655,0.478,0.304,0.164,0.114
Deebo Samuel Sr.,WR,25,SF,144.0,117.0,-34.1,0.000,0.000,0.000,0.000,0.000,0.000,0.105,0.836,0.942,0.887,0.781,0.653,0.484,0.318,0.194,0.130
Jalen Nailor,WR,25,LV,146.0,117.0,-34.1,0.000,0.000,0.000,0.000,0.000,0.000,0.027,0.642,0.941,0.893,0.795,0.667,0.517,0.352,0.226,0.160
Jauan Jennings,WR,26,MIN,147.0,117.0,-34.1,0.000,0.000,0.000,0.000,0.000,0.000,0.005,0.398,0.920,0.905,0.812,0.693,0.535,0.367,0.256,0.179
Jalen McMillan,WR,26,TB,151.0,117.0,-34.1,0.000,0.000,0.000,0.000,0.000,0.000,0.001,0.196,0.871,0.921,0.842,0.730,0.589,0.422,0.303,0.228
Sean Tucker,RB,24,TB,180.0,103.2,-34.1,0.000,0.000,0.000,0.000,0.000,0.000,0.000,0.000,0.001,0.094,0.709,0.901,0.802,0.660,0.496,0.302
Emanuel Wilson,RB,24,SEA,183.0,102.5,-34.9,0.000,0.000,0.000,0.000,0.000,0.000,0.000,0.000,0.001,0.033,0.538,0.914,0.821,0.690,0.533,0.340
Geno Smith,QB,10,NYJ,193.0,245.0,-36.5,0.000,0.000,0.036,0.655,0.998,1.000,1.000,0.997,0.994,0.988,0.971,0.953,0.900,0.875,0.827,0.818
Aaron Rodgers,QB,10,PIT,195.0,244.5,-37.0,0.000,0.000,0.002,0.303,0.951,1.000,1.000,0.998,0.992,0.986,0.970,0.957,0.910,0.880,0.835,0.826
Jacoby Brissett,QB,10,ARI,196.0,244.2,-37.2,0.000,0.000,0.000,0.041,0.684,0.992,0.999,0.997,0.990,0.986,0.970,0.955,0.907,0.884,0.842,0.832
Stefon Diggs,WR,27,,153.0,113.5,-37.6,0.000,0.000,0.000,0.000,0.000,0.000,0.000,0.074,0.744,0.929,0.857,0.750,0.605,0.436,0.323,0.243
Travis Hunter,WR,27,JAX,154.0,113.5,-37.6,0.000,0.000,0.000,0.000,0.000,0.000,0.000,0.021,0.561,0.927,0.852,0.752,0.604,0.442,0.336,0.251
Denzel Boston,WR,27,CLE,162.0,113.5,-37.6,0.000,0.000,0.000,0.000,0.000,0.000,0.000,0.006,0.372,0.929,0.888,0.812,0.699,0.553,0.449,0.356
Kayshon Boutte,WR,27,NE,163.0,113.5,-37.6,0.000,0.000,0.000,0.000,0.000,0.000,0.000,0.001,0.215,0.907,0.901,0.830,0.711,0.579,0.471,0.380
Omar Cooper Jr.,WR,27,NYJ,167.0,113.5,-37.6,0.000,0.000,0.000,0.000,0.000,0.000,0.000,0.000,0.103,0.828,0.916,0.853,0.747,0.597,0.495,0.414
Antonio Williams,WR,27,WAS,169.0,113.5,-37.6,0.000,0.000,0.000,0.000,0.000,0.000,0.000,0.000,0.044,0.682,0.926,0.862,0.760,0.640,0.535,0.442
Adonai Mitchell,WR,27,NYJ,170.0,113.5,-37.6,0.000,0.000,0.000,0.000,0.000,0.000,0.000,0.000,0.013,0.507,0.913,0.867,0.770,0.640,0.533,0.447
Tre Tucker,WR,27,LV,175.0,113.5,-37.6,0.000,0.000,0.000,0.000,0.000,0.000,0.000,0.000,0.005,0.317,0.903,0.885,0.801,0.689,0.602,0.515
Kimani Vidal,RB,25,LAC,198.0,98.8,-38.6,0.000,0.000,0.000,0.000,0.000,0.000,0.000,0.000,0.000,0.010,0.357,0.921,0.877,0.792,0.669,0.490
Demond Claiborne,RB,25,MIN,200.0,98.2,-39.1,0.000,0.000,0.000,0.000,0.000,0.000,0.000,0.000,0.000,0.002,0.177,0.882,0.891,0.806,0.693,0.516
Isaac TeSlaa,WR,28,DET,181.0,108.0,-43.1,0.000,0.000,0.000,0.000,0.000,0.000,0.000,0.000,0.001,0.175,0.846,0.913,0.845,0.740,0.658,0.580
Malik Washington,WR,28,MIA,182.0,107.8,-43.4,0.000,0.000,0.000,0.000,0.000,0.000,0.000,0.000,0.000,0.080,0.736,0.913,0.855,0.753,0.676,0.595
Calvin Ridley,WR,28,TEN,184.0,107.2,-43.9,0.000,0.000,0.000,0.000,0.000,0.000,0.000,0.000,0.000,0.029,0.562,0.909,0.852,0.761,0.692,0.613
Jaylin Noel,WR,28,HOU,185.0,107.0,-44.1,0.000,0.000,0.000,0.000,0.000,0.000,0.000,0.000,0.000,0.011,0.363,0.895,0.859,0.763,0.696,0.625
Jerry Jeudy,WR,28,CLE,187.0,106.5,-44.6,0.000,0.000,0.000,0.000,0.000,0.000,0.000,0.000,0.000,0.002,0.196,0.838,0.866,0.786,0.716,0.650
Rashod Bateman,WR,28,BAL,189.0,106.0,-45.1,0.000,0.000,0.000,0.000,0.000,0.000,0.000,0.000,0.000,0.000,0.094,0.739,0.875,0.795,0.724,0.652
Darnell Mooney,WR,28,NYG,190.0,105.8,-45.4,0.000,0.000,0.000,0.000,0.000,0.000,0.000,0.000,0.000,0.000,0.038,0.581,0.878,0.816,0.750,0.671
Ryan Flournoy,WR,28,DAL,191.0,105.5,-45.6,0.000,0.000,0.000,0.000,0.000,0.000,0.000,0.000,0.000,0.000,0.011,0.384,0.850,0.804,0.741,0.671
Tre Harris,WR,29,LAC,192.0,105.2,-45.9,0.000,0.000,0.000,0.000,0.000,0.000,0.000,0.000,0.000,0.000,0.002,0.225,0.801,0.818,0.748,0.676
Tank Dell,WR,29,HOU,194.0,104.8,-46.4,0.000,0.000,0.000,0.000,0.000,0.000,0.000,0.000,0.000,0.000,0.001,0.101,0.696,0.825,0.760,0.697
Zachariah Branch,WR,29,ATL,197.0,104.0,-47.1,0.000,0.000,0.000,0.000,0.000,0.000,0.000,0.000,0.000,0.000,0.001,0.041,0.544,0.833,0.781,0.721
